56;249;24;16;#1 @ 56,249: 24x16
682;730;13;20;#2 @ 682,730: 13x20
774;241;22;23;#3 @ 774,241: 22x23
503;41;17;15;#4 @ 503,41: 17x15
174;516;17;15;#5 @ 174,516: 17x15
17;184;16;24;#6 @ 1,184: 16x24
510;661;15;29;#7 @ 510,661: 15x29
396;504;23;26;#8 @ 396,504: 23x26
719;523;26;20;#9 @ 719,523: 26x20
189;795;20;24;#10 @ 189,795: 20x24
411;889;20;16;#11 @ 411,889: 20x16
346;203;29;22;#12 @ 346,203: 29x22
477;376;18;27;#13 @ 477,376: 18x27
824;946;15;29;#14 @ 824,946: 15x29
823;32;23;26;#15 @ 823,32: 23x26
124;118;20;18;#16 @ 124,118: 20x18
675;632;22;26;#17 @ 675,632: 22x26
925;385;22;15;#18 @ 925,385: 22x15
276;345;16;13;#19 @ 276,345: 16x13
24;322;19;23;#20 @ 24,322: 19x23
527;844;23;26;#21 @ 527,844: 23x26
862;187;24;27;#22 @ 862,187: 24x27
58;384;13;20;#23 @ 58,384: 13x20
835;921;22;12;#24 @ 835,921: 22x12
395;446;21;27;#25 @ 395,446: 21x27
769;46;14;19;#26 @ 769,46: 14x19
972;909;21;10;#27 @ 972,909: 21x10
178;504;12;28;#28 @ 178,504: 12x28
907;572;10;21;#29 @ 907,572: 10x21
90;810;25;12;#30 @ 90,810: 25x12
716;408;11;26;#31 @ 716,408: 11x26
160;501;11;10;#32 @ 160,501: 11x10
163;839;22;26;#33 @ 163,839: 22x26
514;876;20;26;#34 @ 514,876: 20x26
706;144;26;16;#35 @ 706,144: 26x16
872;226;11;17;#36 @ 872,226: 11x17
578;619;26;15;#37 @ 578,619: 26x15
218;638;17;21;#38 @ 218,638: 17x21
171;362;17;17;#39 @ 171,362: 17x17
263;499;11;14;#40 @ 263,499: 11x14
509;614;21;14;#41 @ 509,614: 21x14
415;287;10;24;#42 @ 415,287: 10x24
922;801;13;25;#43 @ 922,801: 13x25
167;753;29;10;#44 @ 167,753: 29x10
795;441;18;22;#45 @ 795,441: 18x22
803;590;15;27;#46 @ 803,590: 15x27
543;443;22;15;#47 @ 543,443: 22x15
944;275;21;15;#48 @ 944,275: 21x15
43;556;22;29;#49 @ 43,556: 22x29
52;141;13;23;#50 @ 5,141: 13x23
69;593;12;19;#51 @ 69,593: 12x19
843;688;14;25;#52 @ 843,688: 14x25
785;498;23;29;#53 @ 785,498: 23x29
581;191;11;29;#54 @ 581,191: 11x29
716;623;19;13;#55 @ 716,623: 19x13
146;494;28;29;#56 @ 146,494: 28x29
879;923;29;23;#57 @ 879,923: 29x23
777;194;17;17;#58 @ 777,194: 17x17
856;869;18;19;#59 @ 856,869: 18x19
160;869;22;12;#60 @ 160,869: 22x12
62;602;15;24;#61 @ 6,602: 15x24
536;814;18;17;#62 @ 536,814: 18x17
600;404;22;23;#63 @ 600,404: 22x23
717;183;27;26;#64 @ 717,183: 27x26
708;925;16;15;#65 @ 708,925: 16x15
135;628;27;17;#66 @ 135,628: 27x17
788;604;28;27;#67 @ 788,604: 28x27
668;649;19;27;#68 @ 668,649: 19x27
949;938;11;25;#69 @ 949,938: 11x25
187;587;17;10;#70 @ 187,587: 17x10
621;692;22;27;#71 @ 621,692: 22x27
939;485;18;12;#72 @ 939,485: 18x12
838;674;27;18;#73 @ 838,674: 27x18
567;398;13;10;#74 @ 567,398: 13x10
395;883;10;22;#75 @ 395,883: 10x22
754;327;28;21;#76 @ 754,327: 28x21
514;201;26;13;#77 @ 514,201: 26x13
749;396;10;11;#78 @ 749,396: 10x11
173;877;11;17;#79 @ 173,877: 11x17
880;764;15;25;#80 @ 880,764: 15x25
772;669;10;11;#81 @ 772,669: 10x11
961;272;16;22;#82 @ 961,272: 16x22
253;493;10;20;#83 @ 253,493: 10x20
541;569;19;18;#84 @ 541,569: 19x18
420;247;24;19;#85 @ 420,247: 24x19
536;944;10;21;#86 @ 536,944: 10x21
560;428;21;26;#87 @ 560,428: 21x26
558;971;28;21;#88 @ 558,971: 28x21
970;399;14;22;#89 @ 970,399: 14x22
724;569;19;11;#90 @ 724,569: 19x11
274;830;21;28;#91 @ 274,830: 21x28
358;451;29;13;#92 @ 358,451: 29x13
388;527;19;13;#93 @ 388,527: 19x13
968;814;14;20;#94 @ 968,814: 14x20
596;54;26;12;#95 @ 596,54: 26x12
473;832;14;14;#96 @ 473,832: 14x14
154;393;22;28;#97 @ 154,393: 22x28
221;736;29;12;#98 @ 221,736: 29x12
328;766;11;10;#99 @ 328,766: 11x10
959;790;15;28;#100 @ 959,790: 15x28
43;30;14;18;#101 @ 43,30: 14x18
27;918;25;13;#102 @ 27,918: 25x13
24;507;19;17;#103 @ 24,507: 19x17
922;708;15;12;#104 @ 922,708: 15x12
794;179;13;10;#105 @ 794,179: 13x10
537;476;26;16;#106 @ 537,476: 26x16
859;463;27;26;#107 @ 859,463: 27x26
686;401;21;19;#108 @ 686,401: 21x19
469;56;22;17;#109 @ 469,56: 22x17
727;493;24;25;#110 @ 727,493: 24x25
596;85;25;13;#111 @ 596,85: 25x13
632;77;6;8;#112 @ 632,77: 6x8
621;389;20;25;#113 @ 621,389: 20x25
311;404;21;20;#114 @ 311,404: 21x20
13;600;21;24;#115 @ 13,600: 21x24
69;595;28;21;#116 @ 69,595: 28x21
33;920;18;22;#117 @ 33,920: 18x22
667;370;19;18;#118 @ 667,370: 19x18
437;639;13;22;#119 @ 437,639: 13x22
879;633;28;21;#120 @ 879,633: 28x21
400;551;21;10;#121 @ 400,551: 21x10
70;105;24;26;#122 @ 70,105: 24x26
705;318;14;21;#123 @ 705,318: 14x21
17;34;19;16;#124 @ 17,34: 19x16
922;408;18;23;#125 @ 922,408: 18x23
56;231;14;21;#126 @ 56,231: 14x21
156;383;25;28;#127 @ 156,383: 25x28
562;569;24;11;#128 @ 562,569: 24x11
103;382;26;22;#129 @ 103,382: 26x22
691;346;28;18;#130 @ 691,346: 28x18
750;145;28;27;#131 @ 750,145: 28x27
924;789;29;14;#132 @ 924,789: 29x14
441;775;29;10;#133 @ 441,775: 29x10
189;873;24;14;#134 @ 189,873: 24x14
477;440;15;23;#135 @ 477,440: 15x23
174;876;20;22;#136 @ 174,876: 20x22
873;697;24;13;#137 @ 873,697: 24x13
874;755;10;17;#138 @ 874,755: 10x17
865;691;12;26;#139 @ 865,691: 12x26
390;449;21;20;#140 @ 390,449: 21x20
388;198;26;18;#141 @ 388,198: 26x18
942;242;29;29;#142 @ 942,242: 29x29
65;611;11;28;#143 @ 65,611: 11x28
47;415;11;16;#144 @ 47,415: 11x16
44;788;16;25;#145 @ 44,788: 16x25
756;589;11;11;#146 @ 756,589: 11x11
228;212;25;24;#147 @ 228,212: 25x24
291;163;10;12;#148 @ 291,163: 10x12
934;763;25;29;#149 @ 934,763: 25x29
475;932;18;22;#150 @ 475,932: 18x22
984;649;11;11;#151 @ 984,649: 11x11
518;241;22;29;#152 @ 518,241: 22x29
807;279;16;19;#153 @ 807,279: 16x19
361;732;23;24;#154 @ 361,732: 23x24
706;748;15;12;#155 @ 706,748: 15x12
651;388;22;27;#156 @ 651,388: 22x27
510;820;18;20;#157 @ 510,820: 18x20
589;448;15;12;#158 @ 589,448: 15x12
345;479;29;11;#159 @ 345,479: 29x11
145;746;24;28;#160 @ 145,746: 24x28
954;869;25;16;#161 @ 954,869: 25x16
165;854;11;15;#162 @ 165,854: 11x15
463;256;12;27;#163 @ 463,256: 12x27
332;653;21;13;#164 @ 332,653: 21x13
978;945;16;22;#165 @ 978,945: 16x22
868;516;29;13;#166 @ 868,516: 29x13
433;782;27;29;#167 @ 433,782: 27x29
400;789;14;11;#168 @ 400,789: 14x11
183;366;28;14;#169 @ 183,366: 28x14
356;56;18;21;#170 @ 356,56: 18x21
703;595;18;26;#171 @ 703,595: 18x26
479;19;16;28;#172 @ 479,19: 16x28
844;751;21;12;#173 @ 844,751: 21x12
164;508;11;10;#174 @ 164,508: 11x10
140;49;26;22;#175 @ 140,49: 26x22
701;48;10;20;#176 @ 701,48: 10x20
42;785;22;15;#177 @ 42,785: 22x15
912;932;10;22;#178 @ 912,932: 10x22
836;149;10;24;#179 @ 836,149: 10x24
587;285;17;29;#180 @ 587,285: 17x29
137;758;29;18;#181 @ 137,758: 29x18
731;72;29;21;#182 @ 731,72: 29x21
883;441;26;12;#183 @ 883,441: 26x12
910;484;16;13;#184 @ 910,484: 16x13
795;699;12;14;#185 @ 795,699: 12x14
396;461;12;14;#186 @ 396,461: 12x14
16;788;22;24;#187 @ 16,788: 22x24
423;243;21;23;#188 @ 423,243: 21x23
790;615;23;12;#189 @ 790,615: 23x12
923;394;24;29;#190 @ 923,394: 24x29
695;658;16;12;#191 @ 695,658: 16x12
276;973;17;20;#192 @ 276,973: 17x20
269;868;10;17;#193 @ 269,868: 10x17
945;647;14;27;#194 @ 945,647: 14x27
218;924;12;29;#195 @ 218,924: 12x29
567;421;10;20;#196 @ 567,421: 10x20
85;757;20;17;#197 @ 85,757: 20x17
714;168;14;17;#198 @ 714,168: 14x17
109;517;27;19;#199 @ 109,517: 27x19
391;215;26;27;#200 @ 391,215: 26x27
390;772;12;21;#201 @ 390,772: 12x21
350;338;11;12;#202 @ 350,338: 11x12
340;316;11;10;#203 @ 340,316: 11x10
376;459;27;17;#204 @ 376,459: 27x17
56;832;19;15;#205 @ 56,832: 19x15
565;70;10;4;#206 @ 565,70: 10x4
148;892;18;13;#207 @ 148,892: 18x13
863;163;15;22;#208 @ 863,163: 15x22
278;449;24;19;#209 @ 278,449: 24x19
458;127;12;24;#210 @ 458,127: 12x24
374;218;14;21;#211 @ 374,218: 14x21
692;942;24;15;#212 @ 692,942: 24x15
957;700;24;17;#213 @ 957,700: 24x17
548;448;11;18;#214 @ 548,448: 11x18
392;379;18;20;#215 @ 392,379: 18x20
802;279;17;14;#216 @ 802,279: 17x14
155;914;26;14;#217 @ 155,914: 26x14
500;152;10;21;#218 @ 500,152: 10x21
329;325;28;25;#219 @ 329,325: 28x25
200;762;18;15;#220 @ 200,762: 18x15
640;227;15;17;#221 @ 640,227: 15x17
132;611;17;23;#222 @ 132,611: 17x23
87;247;20;16;#223 @ 87,247: 20x16
171;388;20;22;#224 @ 171,388: 20x22
343;181;11;27;#225 @ 343,181: 11x27
551;954;17;24;#226 @ 551,954: 17x24
123;823;23;27;#227 @ 123,823: 23x27
771;224;26;15;#228 @ 771,224: 26x15
56;80;26;13;#229 @ 56,80: 26x13
118;575;28;29;#230 @ 118,575: 28x29
769;879;24;20;#231 @ 769,879: 24x20
519;943;25;29;#232 @ 519,943: 25x29
897;393;15;19;#233 @ 897,393: 15x19
202;805;25;20;#234 @ 202,805: 25x20
745;590;23;28;#235 @ 745,590: 23x28
540;300;17;25;#236 @ 540,300: 17x25
741;573;11;17;#237 @ 741,573: 11x17
718;174;6;7;#238 @ 718,174: 6x7
921;424;19;26;#239 @ 921,424: 19x26
641;730;18;14;#240 @ 641,730: 18x14
215;397;18;12;#241 @ 215,397: 18x12
262;633;22;18;#242 @ 262,633: 22x18
730;904;23;23;#243 @ 730,904: 23x23
323;305;29;14;#244 @ 323,305: 29x14
719;29;12;23;#245 @ 719,29: 12x23
923;670;27;13;#246 @ 923,670: 27x13
964;338;13;26;#247 @ 964,338: 13x26
13;648;17;21;#248 @ 13,648: 17x21
137;757;11;12;#249 @ 137,757: 11x12
799;185;24;20;#250 @ 799,185: 24x20
521;663;26;11;#251 @ 521,663: 26x11
580;188;29;26;#252 @ 580,188: 29x26
531;384;17;28;#253 @ 531,384: 17x28
46;320;20;21;#254 @ 46,320: 20x21
548;351;23;20;#255 @ 548,351: 23x20
136;64;25;24;#256 @ 136,64: 25x24
373;319;12;22;#257 @ 373,319: 12x22
238;949;16;27;#258 @ 238,949: 16x27
323;316;13;11;#259 @ 323,316: 13x11
960;172;15;18;#260 @ 960,172: 15x18
743;391;15;17;#261 @ 743,391: 15x17
229;535;11;25;#262 @ 229,535: 11x25
776;521;14;20;#263 @ 776,521: 14x20
803;763;14;24;#264 @ 803,763: 14x24
898;616;19;18;#265 @ 898,616: 19x18
97;240;25;14;#266 @ 97,240: 25x14
716;347;13;29;#267 @ 716,347: 13x29
13;136;23;28;#268 @ 1,136: 23x28
521;824;24;13;#269 @ 521,824: 24x13
204;824;15;20;#270 @ 204,824: 15x20
123;808;14;18;#271 @ 123,808: 14x18
958;885;21;19;#272 @ 958,885: 21x19
456;580;10;11;#273 @ 456,580: 10x11
160;579;24;15;#274 @ 160,579: 24x15
500;468;19;28;#275 @ 500,468: 19x28
282;826;15;16;#276 @ 282,826: 15x16
444;312;11;13;#277 @ 444,312: 11x13
334;715;8;3;#278 @ 334,715: 8x3
723;604;25;25;#279 @ 723,604: 25x25
898;173;20;13;#280 @ 898,173: 20x13
357;8;14;19;#281 @ 357,8: 14x19
522;649;26;17;#282 @ 522,649: 26x17
676;863;17;17;#283 @ 676,863: 17x17
603;972;3;7;#284 @ 603,972: 3x7
290;330;21;25;#285 @ 290,330: 21x25
508;45;13;16;#286 @ 508,45: 13x16
464;402;16;19;#287 @ 464,402: 16x19
383;427;21;21;#288 @ 383,427: 21x21
80;125;21;11;#289 @ 80,125: 21x11
399;639;23;19;#290 @ 399,639: 23x19
461;929;23;11;#291 @ 461,929: 23x11
921;185;24;24;#292 @ 921,185: 24x24
947;249;17;21;#293 @ 947,249: 17x21
676;504;15;11;#294 @ 676,504: 15x11
252;950;11;25;#295 @ 252,950: 11x25
125;918;27;27;#296 @ 125,918: 27x27
136;729;10;15;#297 @ 136,729: 10x15
645;166;18;28;#298 @ 645,166: 18x28
477;835;25;28;#299 @ 477,835: 25x28
330;303;20;15;#300 @ 330,303: 20x15
796;398;19;26;#301 @ 796,398: 19x26
125;408;28;15;#302 @ 125,408: 28x15
206;774;25;17;#303 @ 206,774: 25x17
380;794;12;15;#304 @ 380,794: 12x15
435;242;12;22;#305 @ 435,242: 12x22
258;343;23;15;#306 @ 258,343: 23x15
83;119;29;23;#307 @ 8,119: 29x23
899;941;20;17;#308 @ 899,941: 20x17
838;59;21;15;#309 @ 838,59: 21x15
971;355;24;17;#310 @ 971,355: 24x17
810;178;19;14;#311 @ 810,178: 19x14
223;629;24;23;#312 @ 223,629: 24x23
208;145;18;22;#313 @ 208,145: 18x22
400;815;11;14;#314 @ 400,815: 11x14
866;630;22;28;#315 @ 866,630: 22x28
32;283;20;25;#316 @ 32,283: 20x25
120;560;29;26;#317 @ 120,560: 29x26
916;420;13;12;#318 @ 916,420: 13x12
800;122;17;20;#319 @ 800,122: 17x20
126;522;13;10;#320 @ 126,522: 13x10
608;494;11;16;#321 @ 608,494: 11x16
569;420;12;10;#322 @ 569,420: 12x10
563;435;23;12;#323 @ 563,435: 23x12
739;606;17;10;#324 @ 739,606: 17x10
900;756;18;18;#325 @ 900,756: 18x18
877;317;11;16;#326 @ 877,317: 11x16
754;29;27;23;#327 @ 754,29: 27x23
926;466;10;24;#328 @ 926,466: 10x24
760;890;29;27;#329 @ 760,890: 29x27
216;328;27;28;#330 @ 216,328: 27x28
123;782;29;11;#331 @ 123,782: 29x11
630;142;20;27;#332 @ 630,142: 20x27
480;293;10;13;#333 @ 480,293: 10x13
941;803;22;11;#334 @ 941,803: 22x11
448;260;17;23;#335 @ 448,260: 17x23
188;500;16;18;#336 @ 188,500: 16x18
621;398;15;22;#337 @ 621,398: 15x22
356;770;19;27;#338 @ 356,770: 19x27
767;162;10;16;#339 @ 767,162: 10x16
587;184;18;23;#340 @ 587,184: 18x23
641;49;14;11;#341 @ 641,49: 14x11
625;418;16;16;#342 @ 625,418: 16x16
131;172;23;27;#343 @ 131,172: 23x27
740;918;20;13;#344 @ 740,918: 20x13
256;861;23;25;#345 @ 256,861: 23x25
49;961;12;16;#346 @ 49,961: 12x16
161;62;28;14;#347 @ 161,62: 28x14
663;628;24;21;#348 @ 663,628: 24x21
673;725;12;15;#349 @ 673,725: 12x15
39;920;6;7;#350 @ 39,920: 6x7
280;328;12;28;#351 @ 28,328: 12x28
703;53;28;10;#352 @ 703,53: 28x10
158;206;25;29;#353 @ 158,206: 25x29
669;634;13;25;#354 @ 669,634: 13x25
43;635;28;17;#355 @ 4,635: 28x17
52;430;21;16;#356 @ 52,430: 21x16
878;210;13;19;#357 @ 878,210: 13x19
436;477;6;6;#358 @ 436,477: 6x6
415;63;21;28;#359 @ 415,63: 21x28
103;424;23;25;#360 @ 103,424: 23x25
463;843;12;18;#361 @ 463,843: 12x18
830;926;10;11;#362 @ 830,926: 10x11
142;618;18;23;#363 @ 142,618: 18x23
430;236;14;12;#364 @ 430,236: 14x12
920;417;15;17;#365 @ 920,417: 15x17
922;417;18;23;#366 @ 922,417: 18x23
960;184;13;12;#367 @ 960,184: 13x12
659;34;24;26;#368 @ 659,34: 24x26
912;619;19;18;#369 @ 912,619: 19x18
336;306;12;27;#370 @ 336,306: 12x27
906;691;22;22;#371 @ 906,691: 22x22
472;528;10;29;#372 @ 472,528: 10x29
972;642;13;29;#373 @ 972,642: 13x29
738;288;28;27;#374 @ 738,288: 28x27
741;711;20;18;#375 @ 741,711: 20x18
962;463;15;20;#376 @ 962,463: 15x20
157;249;16;22;#377 @ 157,249: 16x22
155;220;24;21;#378 @ 155,220: 24x21
763;329;21;22;#379 @ 763,329: 21x22
663;204;14;28;#380 @ 663,204: 14x28
692;25;16;18;#381 @ 692,25: 16x18
938;796;25;16;#382 @ 938,796: 25x16
127;143;29;19;#383 @ 127,143: 29x19
27;658;21;14;#384 @ 27,658: 21x14
840;140;15;22;#385 @ 840,140: 15x22
946;264;19;13;#386 @ 946,264: 19x13
207;441;24;14;#387 @ 207,441: 24x14
369;943;20;26;#388 @ 369,943: 20x26
801;319;29;14;#389 @ 801,319: 29x14
562;677;20;27;#390 @ 562,677: 20x27
110;962;21;22;#391 @ 110,962: 21x22
788;841;18;26;#392 @ 788,841: 18x26
92;886;19;21;#393 @ 92,886: 19x21
534;803;29;25;#394 @ 534,803: 29x25
400;661;16;15;#395 @ 400,661: 16x15
730;237;20;27;#396 @ 730,237: 20x27
970;794;17;28;#397 @ 970,794: 17x28
399;556;23;15;#398 @ 399,556: 23x15
422;200;16;14;#399 @ 422,200: 16x14
395;398;21;10;#400 @ 395,398: 21x10
354;858;26;17;#401 @ 354,858: 26x17
806;121;14;29;#402 @ 806,121: 14x29
40;719;17;17;#403 @ 40,719: 17x17
223;647;16;23;#404 @ 223,647: 16x23
744;68;10;24;#405 @ 744,68: 10x24
668;506;16;20;#406 @ 668,506: 16x20
423;982;23;17;#407 @ 423,982: 23x17
939;248;11;24;#408 @ 939,248: 11x24
776;82;19;16;#409 @ 776,82: 19x16
486;446;16;10;#410 @ 486,446: 16x10
629;377;16;18;#411 @ 629,377: 16x18
450;550;26;17;#412 @ 450,550: 26x17
801;403;18;26;#413 @ 801,403: 18x26
781;386;26;23;#414 @ 781,386: 26x23
862;423;10;23;#415 @ 862,423: 10x23
175;614;25;15;#416 @ 175,614: 25x15
879;651;11;10;#417 @ 879,651: 11x10
55;58;23;23;#418 @ 55,58: 23x23
693;616;21;25;#419 @ 693,616: 21x25
437;408;12;21;#420 @ 437,408: 12x21
250;464;12;14;#421 @ 250,464: 12x14
948;314;17;24;#422 @ 948,314: 17x24
27;29;17;24;#423 @ 2,29: 17x24
925;671;12;13;#424 @ 925,671: 12x13
431;622;12;22;#425 @ 431,622: 12x22
174;244;12;29;#426 @ 174,244: 12x29
169;916;24;24;#427 @ 169,916: 24x24
498;761;25;24;#428 @ 498,761: 25x24
935;383;11;20;#429 @ 935,383: 11x20
816;919;18;14;#430 @ 816,919: 18x14
612;585;19;22;#431 @ 612,585: 19x22
950;889;23;21;#432 @ 950,889: 23x21
449;426;16;12;#433 @ 449,426: 16x12
225;812;23;26;#434 @ 225,812: 23x26
17;686;29;23;#435 @ 17,686: 29x23
773;111;20;15;#436 @ 773,111: 20x15
746;602;22;10;#437 @ 746,602: 22x10
892;743;19;25;#438 @ 892,743: 19x25
106;432;24;19;#439 @ 106,432: 24x19
186;899;13;25;#440 @ 186,899: 13x25
379;227;21;13;#441 @ 379,227: 21x13
421;303;24;13;#442 @ 421,303: 24x13
952;713;16;27;#443 @ 952,713: 16x27
225;923;23;29;#444 @ 225,923: 23x29
795;31;12;12;#445 @ 795,31: 12x12
618;116;17;26;#446 @ 618,116: 17x26
626;614;11;16;#447 @ 626,614: 11x16
678;63;26;15;#448 @ 678,63: 26x15
217;933;19;24;#449 @ 217,933: 19x24
706;914;28;15;#450 @ 706,914: 28x15
450;742;25;21;#451 @ 450,742: 25x21
358;84;14;29;#452 @ 358,84: 14x29
777;144;24;13;#453 @ 777,144: 24x13
162;936;18;15;#454 @ 162,936: 18x15
826;59;8;16;#455 @ 826,59: 8x16
148;516;29;16;#456 @ 148,516: 29x16
620;443;27;27;#457 @ 620,443: 27x27
58;713;13;24;#458 @ 58,713: 13x24
183;475;26;29;#459 @ 183,475: 26x29
31;452;28;12;#460 @ 31,452: 28x12
592;623;22;28;#461 @ 592,623: 22x28
585;770;20;22;#462 @ 585,770: 20x22
453;534;19;18;#463 @ 453,534: 19x18
157;891;26;20;#464 @ 157,891: 26x20
645;222;14;19;#465 @ 645,222: 14x19
258;259;23;17;#466 @ 258,259: 23x17
295;682;12;5;#467 @ 295,682: 12x5
398;273;16;12;#468 @ 398,273: 16x12
890;128;25;11;#469 @ 890,128: 25x11
936;254;26;26;#470 @ 936,254: 26x26
526;644;28;17;#471 @ 526,644: 28x17
103;758;16;25;#472 @ 103,758: 16x25
727;238;29;16;#473 @ 727,238: 29x16
918;597;11;25;#474 @ 918,597: 11x25
628;71;15;23;#475 @ 628,71: 15x23
276;828;17;11;#476 @ 276,828: 17x11
565;202;27;15;#477 @ 565,202: 27x15
155;668;19;20;#478 @ 155,668: 19x20
171;471;15;27;#479 @ 171,471: 15x27
719;53;29;26;#480 @ 719,53: 29x26
390;645;26;22;#481 @ 390,645: 26x22
527;858;12;11;#482 @ 527,858: 12x11
284;235;18;13;#483 @ 284,235: 18x13
491;822;28;17;#484 @ 491,822: 28x17
693;29;12;10;#485 @ 693,29: 12x10
281;238;18;13;#486 @ 281,238: 18x13
972;273;18;23;#487 @ 972,273: 18x23
846;835;19;29;#488 @ 846,835: 19x29
86;237;24;27;#489 @ 86,237: 24x27
715;31;16;12;#490 @ 715,31: 16x12
658;569;3;16;#491 @ 658,569: 3x16
749;45;15;17;#492 @ 749,45: 15x17
586;62;23;24;#493 @ 586,62: 23x24
176;849;19;29;#494 @ 176,849: 19x29
736;673;10;19;#495 @ 736,673: 10x19
339;469;12;16;#496 @ 339,469: 12x16
231;88;17;28;#497 @ 231,88: 17x28
706;332;22;18;#498 @ 706,332: 22x18
570;251;19;25;#499 @ 570,251: 19x25
567;692;17;26;#500 @ 567,692: 17x26
267;890;27;25;#501 @ 267,890: 27x25
872;176;22;12;#502 @ 872,176: 22x12
611;396;14;26;#503 @ 611,396: 14x26
220;809;16;26;#504 @ 220,809: 16x26
809;830;13;23;#505 @ 809,830: 13x23
761;101;14;22;#506 @ 761,101: 14x22
223;12;12;23;#507 @ 223,12: 12x23
554;37;19;11;#508 @ 554,37: 19x11
186;756;20;13;#509 @ 186,756: 20x13
502;692;28;15;#510 @ 502,692: 28x15
625;338;11;29;#511 @ 625,338: 11x29
128;115;26;21;#512 @ 128,115: 26x21
957;247;25;20;#513 @ 957,247: 25x20
401;268;25;23;#514 @ 401,268: 25x23
511;650;25;17;#515 @ 511,650: 25x17
43;26;25;25;#516 @ 43,26: 25x25
916;477;22;11;#517 @ 916,477: 22x11
942;157;20;17;#518 @ 942,157: 20x17
90;321;29;25;#519 @ 9,321: 29x25
789;25;16;15;#520 @ 789,25: 16x15
902;171;29;18;#521 @ 902,171: 29x18
807;597;10;12;#522 @ 807,597: 10x12
51;807;15;23;#523 @ 51,807: 15x23
826;479;20;20;#524 @ 826,479: 20x20
426;181;12;21;#525 @ 426,181: 12x21
892;150;16;29;#526 @ 892,150: 16x29
562;598;12;11;#527 @ 562,598: 12x11
636;481;15;28;#528 @ 636,481: 15x28
446;205;23;15;#529 @ 446,205: 23x15
143;583;18;29;#530 @ 143,583: 18x29
508;247;12;23;#531 @ 508,247: 12x23
596;858;18;16;#532 @ 596,858: 18x16
365;378;13;20;#533 @ 365,378: 13x20
157;175;24;21;#534 @ 157,175: 24x21
262;517;16;15;#535 @ 262,517: 16x15
723;803;8;5;#536 @ 723,803: 8x5
8;157;22;19;#537 @ 8,157: 22x19
69;284;28;16;#538 @ 69,284: 28x16
496;632;23;13;#539 @ 496,632: 23x13
781;176;20;13;#540 @ 781,176: 20x13
624;180;17;17;#541 @ 624,180: 17x17
413;834;14;10;#542 @ 413,834: 14x10
633;366;29;25;#543 @ 633,366: 29x25
108;188;14;24;#544 @ 108,188: 14x24
502;216;21;10;#545 @ 502,216: 21x10
83;183;13;17;#546 @ 83,183: 13x17
708;164;15;28;#547 @ 708,164: 15x28
359;318;21;26;#548 @ 359,318: 21x26
967;915;18;25;#549 @ 967,915: 18x25
169;511;15;25;#550 @ 169,511: 15x25
947;331;18;12;#551 @ 947,331: 18x12
478;217;26;21;#552 @ 478,217: 26x21
822;122;22;28;#553 @ 822,122: 22x28
719;678;12;16;#554 @ 719,678: 12x16
807;359;20;20;#555 @ 807,359: 20x20
16;639;9;9;#556 @ 16,639: 9x9
244;933;24;12;#557 @ 244,933: 24x12
367;577;13;11;#558 @ 367,577: 13x11
164;919;21;21;#559 @ 164,919: 21x21
673;732;18;10;#560 @ 673,732: 18x10
843;508;27;28;#561 @ 843,508: 27x28
271;626;19;12;#562 @ 271,626: 19x12
805;375;28;12;#563 @ 805,375: 28x12
369;509;15;27;#564 @ 369,509: 15x27
446;862;25;21;#565 @ 446,862: 25x21
262;910;28;18;#566 @ 262,910: 28x18
241;249;19;22;#567 @ 241,249: 19x22
642;138;13;29;#568 @ 642,138: 13x29
647;159;22;25;#569 @ 647,159: 22x25
956;375;25;28;#570 @ 956,375: 25x28
565;915;21;18;#571 @ 565,915: 21x18
884;449;27;18;#572 @ 884,449: 27x18
254;493;16;24;#573 @ 254,493: 16x24
231;577;21;13;#574 @ 231,577: 21x13
573;336;14;8;#575 @ 573,336: 14x8
44;414;25;27;#576 @ 44,414: 25x27
41;381;25;27;#577 @ 41,381: 25x27
429;530;29;12;#578 @ 429,530: 29x12
245;24;12;29;#579 @ 245,24: 12x29
592;182;22;29;#580 @ 592,182: 22x29
66;40;16;12;#581 @ 66,40: 16x12
833;508;19;25;#582 @ 833,508: 19x25
14;322;10;27;#583 @ 14,322: 10x27
173;825;24;22;#584 @ 173,825: 24x22
79;662;28;19;#585 @ 79,662: 28x19
105;53;13;15;#586 @ 105,53: 13x15
369;597;12;12;#587 @ 369,597: 12x12
624;37;23;14;#588 @ 624,37: 23x14
155;415;13;18;#589 @ 155,415: 13x18
643;466;16;16;#590 @ 643,466: 16x16
103;254;18;21;#591 @ 103,254: 18x21
485;920;11;10;#592 @ 485,920: 11x10
495;316;16;29;#593 @ 495,316: 16x29
717;604;18;27;#594 @ 717,604: 18x27
906;817;26;29;#595 @ 906,817: 26x29
353;320;29;26;#596 @ 353,320: 29x26
823;322;14;18;#597 @ 823,322: 14x18
58;815;12;28;#598 @ 58,815: 12x28
165;154;22;24;#599 @ 165,154: 22x24
690;330;27;18;#600 @ 690,330: 27x18
416;930;16;26;#601 @ 416,930: 16x26
799;424;10;11;#602 @ 799,424: 10x11
346;662;10;23;#603 @ 346,662: 10x23
208;500;27;23;#604 @ 208,500: 27x23
642;368;22;13;#605 @ 642,368: 22x13
855;102;28;22;#606 @ 855,102: 28x22
682;310;27;13;#607 @ 682,310: 27x13
464;16;20;15;#608 @ 464,16: 20x15
116;379;14;10;#609 @ 116,379: 14x10
499;198;23;29;#610 @ 499,198: 23x29
943;863;26;18;#611 @ 943,863: 26x18
797;178;28;26;#612 @ 797,178: 28x26
885;383;28;22;#613 @ 885,383: 28x22
535;291;22;28;#614 @ 535,291: 22x28
888;126;10;28;#615 @ 888,126: 10x28
656;823;13;18;#616 @ 656,823: 13x18
22;640;3;9;#617 @ 22,640: 3x9
105;569;19;21;#618 @ 105,569: 19x21
598;911;11;11;#619 @ 598,911: 11x11
842;364;28;15;#620 @ 842,364: 28x15
116;529;18;10;#621 @ 116,529: 18x10
630;760;21;16;#622 @ 630,760: 21x16
827;721;14;19;#623 @ 827,721: 14x19
235;104;8;7;#624 @ 235,104: 8x7
744;164;11;15;#625 @ 74,164: 11x15
889;943;29;21;#626 @ 889,943: 29x21
74;155;26;22;#627 @ 74,155: 26x22
790;76;26;28;#628 @ 790,76: 26x28
809;349;10;22;#629 @ 809,349: 10x22
793;324;10;24;#630 @ 793,324: 10x24
154;151;18;20;#631 @ 154,151: 18x20
600;145;14;20;#632 @ 600,145: 14x20
26;806;28;18;#633 @ 26,806: 28x18
376;515;13;14;#634 @ 376,515: 13x14
170;478;24;25;#635 @ 170,478: 24x25
626;749;20;19;#636 @ 626,749: 20x19
739;254;22;22;#637 @ 739,254: 22x22
135;634;25;15;#638 @ 135,634: 25x15
238;1;26;26;#639 @ 238,1: 26x26
343;277;19;12;#640 @ 343,277: 19x12
606;683;16;23;#641 @ 606,683: 16x23
597;951;12;11;#642 @ 597,951: 12x11
173;932;27;24;#643 @ 173,932: 27x24
865;295;29;15;#644 @ 865,295: 29x15
847;902;15;11;#645 @ 847,902: 15x11
434;475;12;13;#646 @ 434,475: 12x13
590;271;10;21;#647 @ 590,271: 10x21
776;50;28;15;#648 @ 776,50: 28x15
698;935;26;18;#649 @ 698,935: 26x18
599;751;20;26;#650 @ 599,751: 20x26
797;390;14;17;#651 @ 797,390: 14x17
257;335;19;27;#652 @ 257,335: 19x27
73;876;22;28;#653 @ 73,876: 22x28
710;698;10;13;#654 @ 710,698: 10x13
368;318;18;23;#655 @ 368,318: 18x23
80;179;16;20;#656 @ 80,179: 16x20
56;957;21;28;#657 @ 5,957: 21x28
885;768;18;13;#658 @ 885,768: 18x13
734;414;10;13;#659 @ 734,414: 10x13
779;520;23;23;#660 @ 779,520: 23x23
615;604;11;12;#661 @ 615,604: 11x12
747;253;28;18;#662 @ 747,253: 28x18
66;285;10;22;#663 @ 66,285: 10x22
350;543;12;24;#664 @ 350,543: 12x24
526;77;19;18;#665 @ 526,77: 19x18
824;888;14;16;#666 @ 824,888: 14x16
365;567;18;26;#667 @ 365,567: 18x26
597;550;22;16;#668 @ 597,550: 22x16
874;613;19;19;#669 @ 874,613: 19x19
730;91;14;14;#670 @ 730,91: 14x14
882;284;27;13;#671 @ 882,284: 27x13
902;117;10;10;#672 @ 902,117: 10x10
610;497;6;9;#673 @ 610,497: 6x9
583;646;25;16;#674 @ 583,646: 25x16
797;824;27;22;#675 @ 797,824: 27x22
156;570;19;12;#676 @ 156,570: 19x12
118;94;12;11;#677 @ 118,94: 12x11
515;626;11;17;#678 @ 515,626: 11x17
947;286;20;10;#679 @ 947,286: 20x10
885;51;23;23;#680 @ 885,51: 23x23
280;636;11;27;#681 @ 280,636: 11x27
610;392;28;15;#682 @ 610,392: 28x15
575;134;17;20;#683 @ 575,134: 17x20
978;455;22;16;#684 @ 978,455: 22x16
637;282;21;17;#685 @ 637,282: 21x17
486;662;25;29;#686 @ 486,662: 25x29
655;489;21;29;#687 @ 655,489: 21x29
369;451;14;17;#688 @ 369,451: 14x17
127;416;21;25;#689 @ 127,416: 21x25
910;899;12;11;#690 @ 910,899: 12x11
952;342;10;19;#691 @ 952,342: 10x19
182;517;13;29;#692 @ 182,517: 13x29
171;159;22;19;#693 @ 171,159: 22x19
721;801;25;11;#694 @ 721,801: 25x11
438;472;27;26;#695 @ 438,472: 27x26
974;4;16;29;#696 @ 974,4: 16x29
47;35;10;18;#697 @ 47,35: 10x18
802;380;19;13;#698 @ 802,380: 19x13
652;2;15;13;#699 @ 652,2: 15x13
828;712;13;13;#700 @ 828,712: 13x13
154;147;17;12;#701 @ 154,147: 17x12
706;327;14;13;#702 @ 706,327: 14x13
551;100;28;27;#703 @ 551,100: 28x27
454;923;10;24;#704 @ 454,923: 10x24
590;66;18;14;#705 @ 590,66: 18x14
943;158;12;25;#706 @ 943,158: 12x25
974;324;11;24;#707 @ 974,324: 11x24
968;931;25;21;#708 @ 968,931: 25x21
249;203;10;21;#709 @ 249,203: 10x21
909;210;15;22;#710 @ 909,210: 15x22
404;659;17;21;#711 @ 404,659: 17x21
317;281;29;19;#712 @ 317,281: 29x19
174;58;13;27;#713 @ 174,58: 13x27
16;646;13;25;#714 @ 16,646: 13x25
216;369;26;16;#715 @ 216,369: 26x16
960;257;29;21;#716 @ 960,257: 29x21
969;867;21;21;#717 @ 969,867: 21x21
357;583;29;21;#718 @ 357,583: 29x21
554;21;24;17;#719 @ 554,21: 24x17
934;332;16;16;#720 @ 934,332: 16x16
451;877;27;21;#721 @ 451,877: 27x21
584;47;12;25;#722 @ 584,47: 12x25
707;748;19;16;#723 @ 707,748: 19x16
754;93;29;20;#724 @ 754,93: 29x20
310;862;24;10;#725 @ 310,862: 24x10
127;472;29;21;#726 @ 127,472: 29x21
183;34;10;11;#727 @ 183,34: 10x11
503;489;20;23;#728 @ 503,489: 20x23
770;27;10;18;#729 @ 770,27: 10x18
526;272;10;5;#730 @ 526,272: 10x5
742;213;22;14;#731 @ 742,213: 22x14
936;798;22;19;#732 @ 936,798: 22x19
735;318;27;23;#733 @ 735,318: 27x23
615;460;27;22;#734 @ 615,460: 27x22
643;426;26;28;#735 @ 643,426: 26x28
696;657;22;24;#736 @ 696,657: 22x24
319;771;19;19;#737 @ 319,771: 19x19
721;277;28;16;#738 @ 721,277: 28x16
257;342;13;22;#739 @ 257,342: 13x22
950;859;13;16;#740 @ 950,859: 13x16
244;369;26;11;#741 @ 244,369: 26x11
386;227;26;12;#742 @ 386,227: 26x12
680;670;11;24;#743 @ 680,670: 11x24
447;316;15;25;#744 @ 447,316: 15x25
157;899;23;20;#745 @ 157,899: 23x20
646;279;16;17;#746 @ 646,279: 16x17
96;185;24;26;#747 @ 9,185: 24x26
969;900;26;20;#748 @ 969,900: 26x20
973;876;10;12;#749 @ 973,876: 10x12
235;449;17;11;#750 @ 235,449: 17x11
934;800;12;13;#751 @ 934,800: 12x13
642;144;25;14;#752 @ 642,144: 25x14
645;27;25;24;#753 @ 645,27: 25x24
174;272;22;14;#754 @ 174,272: 22x14
24;541;29;16;#755 @ 24,541: 29x16
796;380;22;15;#756 @ 796,380: 22x15
681;765;19;22;#757 @ 681,765: 19x22
133;102;25;22;#758 @ 133,102: 25x22
174;845;20;25;#759 @ 174,845: 20x25
568;394;14;25;#760 @ 568,394: 14x25
59;245;27;17;#761 @ 59,245: 27x17
369;596;25;15;#762 @ 369,596: 25x15
13;633;21;21;#763 @ 13,633: 21x21
949;458;22;21;#764 @ 949,458: 22x21
47;958;16;28;#765 @ 47,958: 16x28
781;673;12;26;#766 @ 781,673: 12x26
944;811;16;24;#767 @ 944,811: 16x24
98;45;21;13;#768 @ 98,45: 21x13
308;781;20;13;#769 @ 308,781: 20x13
382;206;24;18;#770 @ 382,206: 24x18
367;773;19;29;#771 @ 367,773: 19x29
842;735;27;25;#772 @ 842,735: 27x25
89;458;16;23;#773 @ 89,458: 16x23
435;238;4;3;#774 @ 435,238: 4x3
376;327;11;18;#775 @ 376,327: 11x18
167;16;21;23;#776 @ 167,16: 21x23
832;77;15;14;#777 @ 832,77: 15x14
800;490;28;23;#778 @ 800,490: 28x23
209;462;18;15;#779 @ 209,462: 18x15
445;492;14;23;#780 @ 445,492: 14x23
38;486;19;22;#781 @ 38,486: 19x22
845;489;26;29;#782 @ 845,489: 26x29
328;789;17;25;#783 @ 328,789: 17x25
327;305;27;29;#784 @ 327,305: 27x29
957;97;25;21;#785 @ 957,97: 25x21
69;169;10;14;#786 @ 69,169: 10x14
626;227;20;29;#787 @ 626,227: 20x29
190;589;4;4;#788 @ 190,589: 4x4
817;119;18;14;#789 @ 817,119: 18x14
861;514;14;10;#790 @ 861,514: 14x10
770;180;19;16;#791 @ 770,180: 19x16
403;900;17;12;#792 @ 403,900: 17x12
532;923;15;25;#793 @ 532,923: 15x25
966;361;26;19;#794 @ 966,361: 26x19
628;400;26;25;#795 @ 628,400: 26x25
794;759;15;21;#796 @ 794,759: 15x21
909;211;21;12;#797 @ 909,211: 21x12
67;402;28;16;#798 @ 67,402: 28x16
524;270;15;11;#799 @ 524,270: 15x11
665;360;20;12;#800 @ 665,360: 20x12
898;41;25;15;#801 @ 898,41: 25x15
307;387;16;23;#802 @ 307,387: 16x23
210;323;24;26;#803 @ 210,323: 24x26
570;332;29;23;#804 @ 570,332: 29x23
660;619;27;12;#805 @ 660,619: 27x12
556;536;26;17;#806 @ 556,536: 26x17
349;306;10;26;#807 @ 349,306: 10x26
287;678;25;22;#808 @ 287,678: 25x22
522;796;15;25;#809 @ 522,796: 15x25
388;802;15;19;#810 @ 388,802: 15x19
472;188;24;15;#811 @ 472,188: 24x15
422;247;26;20;#812 @ 422,247: 26x20
371;934;21;19;#813 @ 371,934: 21x19
112;226;20;15;#814 @ 112,226: 20x15
233;12;23;19;#815 @ 233,12: 23x19
492;131;10;23;#816 @ 492,131: 10x23
540;578;19;12;#817 @ 540,578: 19x12
142;624;12;10;#818 @ 142,624: 12x10
50;732;11;25;#819 @ 50,732: 11x25
462;196;18;17;#820 @ 462,196: 18x17
161;631;28;21;#821 @ 161,631: 28x21
915;66;28;29;#822 @ 915,66: 28x29
149;218;12;24;#823 @ 149,218: 12x24
209;322;29;25;#824 @ 209,322: 29x25
586;527;18;10;#825 @ 586,527: 18x10
772;344;26;25;#826 @ 772,344: 26x25
600;522;12;21;#827 @ 600,522: 12x21
975;346;17;27;#828 @ 975,346: 17x27
710;244;10;22;#829 @ 710,244: 10x22
189;930;25;21;#830 @ 189,930: 25x21
618;614;11;14;#831 @ 618,614: 11x14
500;203;16;20;#832 @ 500,203: 16x20
817;57;25;22;#833 @ 817,57: 25x22
198;932;16;11;#834 @ 198,932: 16x11
74;277;15;17;#835 @ 74,277: 15x17
559;289;12;29;#836 @ 559,289: 12x29
240;942;14;26;#837 @ 240,942: 14x26
938;98;10;27;#838 @ 938,98: 10x27
599;508;24;18;#839 @ 599,508: 24x18
547;636;20;10;#840 @ 547,636: 20x10
639;127;13;24;#841 @ 639,127: 13x24
558;689;28;15;#842 @ 558,689: 28x15
846;635;22;21;#843 @ 846,635: 22x21
571;773;28;17;#844 @ 571,773: 28x17
697;687;18;24;#845 @ 697,687: 18x24
350;208;16;24;#846 @ 350,208: 16x24
248;639;17;10;#847 @ 248,639: 17x10
468;840;14;29;#848 @ 468,840: 14x29
965;911;23;21;#849 @ 965,911: 23x21
632;779;17;21;#850 @ 632,779: 17x21
801;310;11;21;#851 @ 801,310: 11x21
161;492;12;21;#852 @ 161,492: 12x21
594;593;21;19;#853 @ 594,593: 21x19
879;271;13;25;#854 @ 879,271: 13x25
705;76;29;21;#855 @ 705,76: 29x21
847;151;22;12;#856 @ 847,151: 22x12
577;396;23;20;#857 @ 577,396: 23x20
246;708;18;28;#858 @ 246,708: 18x28
969;100;4;5;#859 @ 969,100: 4x5
643;703;10;29;#860 @ 643,703: 10x29
222;935;29;23;#861 @ 222,935: 29x23
872;761;12;22;#862 @ 872,761: 12x22
886;932;11;10;#863 @ 886,932: 11x10
936;948;19;12;#864 @ 936,948: 19x12
29;34;14;22;#865 @ 29,34: 14x22
787;231;17;29;#866 @ 787,231: 17x29
481;263;16;17;#867 @ 481,263: 16x17
440;247;13;13;#868 @ 440,247: 13x13
327;774;14;29;#869 @ 327,774: 14x29
20;948;11;11;#870 @ 20,948: 11x11
368;523;16;23;#871 @ 368,523: 16x23
921;206;13;28;#872 @ 921,206: 13x28
886;939;10;13;#873 @ 886,939: 10x13
962;75;10;17;#874 @ 962,75: 10x17
153;851;26;27;#875 @ 153,851: 26x27
919;446;14;17;#876 @ 919,446: 14x17
736;539;21;10;#877 @ 736,539: 21x10
886;129;27;15;#878 @ 886,129: 27x15
828;731;21;18;#879 @ 828,731: 21x18
400;657;23;13;#880 @ 400,657: 23x13
164;209;27;15;#881 @ 164,209: 27x15
743;75;9;14;#882 @ 743,75: 9x14
390;102;25;21;#883 @ 390,102: 25x21
56;626;17;21;#884 @ 56,626: 17x21
587;269;26;13;#885 @ 587,269: 26x13
529;152;13;20;#886 @ 529,152: 13x20
121;948;27;27;#887 @ 121,948: 27x27
145;270;25;23;#888 @ 145,270: 25x23
55;926;12;23;#889 @ 55,926: 12x23
724;370;29;29;#890 @ 724,370: 29x29
922;609;23;15;#891 @ 922,609: 23x15
525;468;24;26;#892 @ 525,468: 24x26
554;937;11;24;#893 @ 554,937: 11x24
217;471;22;27;#894 @ 217,471: 22x27
314;281;10;26;#895 @ 314,281: 10x26
653;457;12;25;#896 @ 653,457: 12x25
739;541;24;10;#897 @ 739,541: 24x10
642;376;14;26;#898 @ 642,376: 14x26
132;520;22;25;#899 @ 132,520: 22x25
635;769;3;15;#900 @ 635,769: 3x15
884;755;25;24;#901 @ 884,755: 25x24
712;334;10;11;#902 @ 712,334: 10x11
494;760;28;17;#903 @ 494,760: 28x17
165;612;16;22;#904 @ 165,612: 16x22
779;183;18;20;#905 @ 779,183: 18x20
900;464;17;23;#906 @ 900,464: 17x23
867;768;26;22;#907 @ 867,768: 26x22
831;78;19;14;#908 @ 831,78: 19x14
586;477;26;12;#909 @ 586,477: 26x12
534;646;25;18;#910 @ 534,646: 25x18
372;471;26;17;#911 @ 372,471: 26x17
926;831;14;11;#912 @ 926,831: 14x11
840;686;21;11;#913 @ 840,686: 21x11
710;676;13;17;#914 @ 710,676: 13x17
442;244;19;23;#915 @ 442,244: 19x23
70;595;25;12;#916 @ 70,595: 25x12
34;921;25;21;#917 @ 34,921: 25x21
271;330;26;22;#918 @ 271,330: 26x22
470;254;14;22;#919 @ 470,254: 14x22
142;906;25;15;#920 @ 142,906: 25x15
439;425;15;15;#921 @ 439,425: 15x15
600;970;12;15;#922 @ 600,970: 12x15
482;4;23;22;#923 @ 482,4: 23x22
203;175;17;13;#924 @ 203,175: 17x13
102;725;18;17;#925 @ 102,725: 18x17
969;757;16;11;#926 @ 969,757: 16x11
430;942;11;16;#927 @ 430,942: 11x16
723;182;18;29;#928 @ 723,182: 18x29
773;222;11;19;#929 @ 773,222: 11x19
32;20;19;28;#930 @ 32,20: 19x28
817;929;18;21;#931 @ 817,929: 18x21
560;593;11;16;#932 @ 560,593: 11x16
576;81;29;25;#933 @ 576,81: 29x25
212;559;29;14;#934 @ 212,559: 29x14
402;635;19;18;#935 @ 402,635: 19x18
792;696;14;21;#936 @ 792,696: 14x21
518;652;11;4;#937 @ 518,652: 11x4
492;750;27;15;#938 @ 492,750: 27x15
688;224;27;21;#939 @ 688,224: 27x21
890;114;16;19;#940 @ 890,114: 16x19
944;295;22;22;#941 @ 944,295: 22x22
41;640;19;25;#942 @ 41,640: 19x25
376;371;11;19;#943 @ 376,371: 11x19
148;510;16;20;#944 @ 148,510: 16x20
815;930;18;12;#945 @ 815,930: 18x12
947;299;26;22;#946 @ 947,299: 26x22
153;882;10;13;#947 @ 153,882: 10x13
754;209;23;15;#948 @ 754,209: 23x15
492;90;25;13;#949 @ 492,90: 25x13
877;225;17;19;#950 @ 877,225: 17x19
729;147;20;17;#951 @ 729,147: 20x17
162;464;21;27;#952 @ 162,464: 21x27
684;882;28;28;#953 @ 684,882: 28x28
698;255;24;16;#954 @ 698,255: 24x16
349;8;27;24;#955 @ 349,8: 27x24
67;13;19;25;#956 @ 67,13: 19x25
170;860;12;16;#957 @ 170,860: 12x16
411;947;23;25;#958 @ 411,947: 23x25
858;516;17;29;#959 @ 858,516: 17x29
609;390;13;14;#960 @ 609,390: 13x14
513;84;21;11;#961 @ 513,84: 21x11
867;298;18;8;#962 @ 867,298: 18x8
89;661;16;14;#963 @ 89,661: 16x14
435;654;14;19;#964 @ 435,654: 14x19
519;153;11;10;#965 @ 519,153: 11x10
280;975;20;20;#966 @ 280,975: 20x20
13;326;11;11;#967 @ 13,326: 11x11
112;776;23;15;#968 @ 112,776: 23x15
465;174;12;26;#969 @ 465,174: 12x26
38;231;17;14;#970 @ 38,231: 17x14
783;705;26;28;#971 @ 783,705: 26x28
456;419;28;27;#972 @ 456,419: 28x27
388;143;22;29;#973 @ 388,143: 22x29
19;422;21;23;#974 @ 19,422: 21x23
260;195;25;22;#975 @ 260,195: 25x22
165;782;17;14;#976 @ 165,782: 17x14
855;640;14;20;#977 @ 855,640: 14x20
912;575;24;17;#978 @ 912,575: 24x17
396;832;20;16;#979 @ 396,832: 20x16
286;834;26;21;#980 @ 286,834: 26x21
801;420;11;14;#981 @ 801,420: 11x14
857;902;25;26;#982 @ 857,902: 25x26
317;94;17;12;#983 @ 317,94: 17x12
944;863;17;29;#984 @ 944,863: 17x29
605;638;25;11;#985 @ 605,638: 25x11
456;136;15;23;#986 @ 456,136: 15x23
533;807;10;15;#987 @ 533,807: 10x15
517;400;19;14;#988 @ 517,400: 19x14
792;709;27;29;#989 @ 792,709: 27x29
471;106;6;18;#990 @ 471,106: 6x18
413;277;22;13;#991 @ 413,277: 22x13
482;705;23;27;#992 @ 482,705: 23x27
830;491;16;25;#993 @ 830,491: 16x25
396;179;19;22;#994 @ 396,179: 19x22
671;607;22;19;#995 @ 671,607: 22x19
288;145;20;14;#996 @ 288,145: 20x14
534;400;16;24;#997 @ 534,400: 16x24
239;333;20;12;#998 @ 239,333: 20x12
801;307;12;24;#999 @ 801,307: 12x24
714;606;12;18;#1000 @ 714,606: 12x18
627;784;22;11;#1001 @ 627,784: 22x11
734;20;27;14;#1002 @ 734,20: 27x14
262;645;23;14;#1003 @ 262,645: 23x14
445;670;13;12;#1004 @ 445,670: 13x12
304;443;21;24;#1005 @ 304,443: 21x24
199;5;10;23;#1006 @ 199,5: 10x23
907;64;25;13;#1007 @ 907,64: 25x13
553;953;10;16;#1008 @ 553,953: 10x16
972;744;26;20;#1009 @ 972,744: 26x20
766;180;16;20;#1010 @ 766,180: 16x20
558;413;29;11;#1011 @ 558,413: 29x11
299;456;22;10;#1012 @ 299,456: 22x10
263;138;29;13;#1013 @ 263,138: 29x13
746;17;10;21;#1014 @ 746,17: 10x21
224;697;27;19;#1015 @ 224,697: 27x19
182;609;25;12;#1016 @ 182,609: 25x12
508;324;20;10;#1017 @ 508,324: 20x10
758;200;13;24;#1018 @ 758,200: 13x24
222;788;24;13;#1019 @ 222,788: 24x13
254;197;25;19;#1020 @ 254,197: 25x19
169;168;22;20;#1021 @ 169,168: 22x20
618;120;15;24;#1022 @ 618,120: 15x24
932;388;4;7;#1023 @ 932,388: 4x7
220;142;29;14;#1024 @ 220,142: 29x14
784;9;16;15;#1025 @ 784,9: 16x15
658;715;16;28;#1026 @ 658,715: 16x28
807;128;29;28;#1027 @ 807,128: 29x28
128;240;12;25;#1028 @ 128,240: 12x25
685;895;19;27;#1029 @ 685,895: 19x27
582;930;21;27;#1030 @ 582,930: 21x27
482;325;25;22;#1031 @ 482,325: 25x22
659;442;10;18;#1032 @ 659,442: 10x18
752;690;20;16;#1033 @ 752,690: 20x16
168;762;11;23;#1034 @ 168,762: 11x23
30;202;26;20;#1035 @ 30,202: 26x20
290;442;26;12;#1036 @ 290,442: 26x12
439;941;27;23;#1037 @ 439,941: 27x23
563;121;14;28;#1038 @ 563,121: 14x28
153;308;22;11;#1039 @ 153,308: 22x11
743;157;10;13;#1040 @ 743,157: 10x13
173;939;12;16;#1041 @ 173,939: 12x16
334;562;22;13;#1042 @ 334,562: 22x13
142;581;25;20;#1043 @ 142,581: 25x20
195;609;17;16;#1044 @ 195,609: 17x16
410;895;19;20;#1045 @ 410,895: 19x20
233;495;23;29;#1046 @ 233,495: 23x29
351;242;24;13;#1047 @ 351,242: 24x13
595;641;11;10;#1048 @ 595,641: 11x10
434;465;19;11;#1049 @ 434,465: 19x11
418;672;19;10;#1050 @ 418,672: 19x10
872;314;22;25;#1051 @ 872,314: 22x25
631;721;12;22;#1052 @ 631,721: 12x22
738;839;28;28;#1053 @ 738,839: 28x28
49;226;13;17;#1054 @ 49,226: 13x17
271;199;16;13;#1055 @ 271,199: 16x13
200;828;17;23;#1056 @ 200,828: 17x23
546;342;10;16;#1057 @ 546,342: 10x16
60;166;19;28;#1058 @ 6,166: 19x28
175;581;22;23;#1059 @ 175,581: 22x23
36;665;13;14;#1060 @ 36,665: 13x14
685;42;14;22;#1061 @ 685,42: 14x22
282;626;20;17;#1062 @ 282,626: 20x17
137;758;23;26;#1063 @ 137,758: 23x26
105;205;15;22;#1064 @ 105,205: 15x22
817;925;21;14;#1065 @ 817,925: 21x14
608;901;18;25;#1066 @ 608,901: 18x25
153;685;13;13;#1067 @ 153,685: 13x13
745;162;24;29;#1068 @ 745,162: 24x29
942;601;16;22;#1069 @ 942,601: 16x22
690;776;21;17;#1070 @ 690,776: 21x17
457;26;12;14;#1071 @ 457,26: 12x14
224;27;18;14;#1072 @ 224,27: 18x14
589;622;29;13;#1073 @ 589,622: 29x13
479;270;16;21;#1074 @ 479,270: 16x21
257;737;11;28;#1075 @ 257,737: 11x28
122;195;21;19;#1076 @ 122,195: 21x19
68;178;17;10;#1077 @ 68,178: 17x10
28;727;16;11;#1078 @ 28,727: 16x11
726;482;20;16;#1079 @ 726,482: 20x16
39;923;28;23;#1080 @ 39,923: 28x23
352;372;29;15;#1081 @ 352,372: 29x15
786;670;23;10;#1082 @ 786,670: 23x10
153;160;24;11;#1083 @ 153,160: 24x11
235;325;16;18;#1084 @ 235,325: 16x18
484;0;10;25;#1085 @ 484,0: 10x25
22;36;18;17;#1086 @ 22,36: 18x17
785;243;6;17;#1087 @ 785,243: 6x17
505;198;10;17;#1088 @ 505,198: 10x17
485;287;16;10;#1089 @ 485,287: 16x10
466;342;23;18;#1090 @ 466,342: 23x18
157;292;19;22;#1091 @ 157,292: 19x22
641;606;22;29;#1092 @ 641,606: 22x29
605;171;25;19;#1093 @ 605,171: 25x19
562;903;29;13;#1094 @ 562,903: 29x13
653;3;19;18;#1095 @ 653,3: 19x18
601;848;21;19;#1096 @ 601,848: 21x19
119;454;18;24;#1097 @ 119,454: 18x24
819;876;14;10;#1098 @ 819,876: 14x10
939;737;25;23;#1099 @ 939,737: 25x23
662;614;27;12;#1100 @ 662,614: 27x12
708;183;11;14;#1101 @ 708,183: 11x14
353;47;27;11;#1102 @ 353,47: 27x11
67;670;12;27;#1103 @ 6,670: 12x27
438;504;24;24;#1104 @ 438,504: 24x24
854;210;20;23;#1105 @ 854,210: 20x23
661;859;24;13;#1106 @ 661,859: 24x13
813;936;27;12;#1107 @ 813,936: 27x12
285;470;26;18;#1108 @ 285,470: 26x18
872;122;11;15;#1109 @ 872,122: 11x15
799;825;21;11;#1110 @ 799,825: 21x11
453;59;19;24;#1111 @ 453,59: 19x24
571;600;27;25;#1112 @ 571,600: 27x25
870;224;16;22;#1113 @ 870,224: 16x22
11;16;14;23;#1114 @ 11,16: 14x23
959;347;22;25;#1115 @ 959,347: 22x25
137;931;24;19;#1116 @ 137,931: 24x19
435;79;22;28;#1117 @ 435,79: 22x28
37;318;14;18;#1118 @ 37,318: 14x18
332;280;22;11;#1119 @ 332,280: 22x11
434;950;18;18;#1120 @ 434,950: 18x18
380;426;25;23;#1121 @ 380,426: 25x23
362;749;15;13;#1122 @ 362,749: 15x13
216;589;21;11;#1123 @ 216,589: 21x11
228;740;26;26;#1124 @ 228,740: 26x26
799;949;26;14;#1125 @ 799,949: 26x14
691;948;14;16;#1126 @ 691,948: 14x16
742;230;25;20;#1127 @ 742,230: 25x20
174;881;21;12;#1128 @ 174,881: 21x12
904;625;13;12;#1129 @ 904,625: 13x12
52;413;19;13;#1130 @ 52,413: 19x13
224;443;12;15;#1131 @ 224,443: 12x15
680;361;29;10;#1132 @ 680,361: 29x10
625;430;27;23;#1133 @ 625,430: 27x23
378;494;11;18;#1134 @ 378,494: 11x18
472;922;23;11;#1135 @ 472,922: 23x11
694;958;20;14;#1136 @ 694,958: 20x14
561;571;17;16;#1137 @ 561,571: 17x16
356;863;21;7;#1138 @ 356,863: 21x7
626;779;13;27;#1139 @ 626,779: 13x27
469;284;17;23;#1140 @ 469,284: 17x23
47;673;22;18;#1141 @ 4,673: 22x18
342;176;28;11;#1142 @ 342,176: 28x11
17;450;16;11;#1143 @ 17,450: 16x11
784;389;14;22;#1144 @ 784,389: 14x22
97;436;10;19;#1145 @ 97,436: 10x19
934;692;27;11;#1146 @ 934,692: 27x11
555;625;29;18;#1147 @ 555,625: 29x18
253;456;19;17;#1148 @ 253,456: 19x17
75;145;24;17;#1149 @ 75,145: 24x17
544;857;14;14;#1150 @ 544,857: 14x14
664;825;27;18;#1151 @ 664,825: 27x18
20;578;24;11;#1152 @ 20,578: 24x11
376;222;14;18;#1153 @ 376,222: 14x18
214;762;14;12;#1154 @ 214,762: 14x12
753;247;12;22;#1155 @ 753,247: 12x22
728;675;19;27;#1156 @ 728,675: 19x27
768;649;28;23;#1157 @ 768,649: 28x23
647;363;23;22;#1158 @ 647,363: 23x22
893;223;14;24;#1159 @ 893,223: 14x24
727;519;12;25;#1160 @ 727,519: 12x25
718;616;11;16;#1161 @ 718,616: 11x16
415;970;15;24;#1162 @ 415,970: 15x24
89;898;11;14;#1163 @ 89,898: 11x14
868;883;27;13;#1164 @ 868,883: 27x13
67;270;29;22;#1165 @ 67,270: 29x22
263;480;27;26;#1166 @ 263,480: 27x26
466;949;17;26;#1167 @ 466,949: 17x26
653;562;15;28;#1168 @ 653,562: 15x28
58;371;26;22;#1169 @ 58,371: 26x22
761;22;29;11;#1170 @ 761,22: 29x11
139;546;27;18;#1171 @ 139,546: 27x18
58;600;13;23;#1172 @ 58,600: 13x23
716;595;12;27;#1173 @ 716,595: 12x27
196;845;12;14;#1174 @ 196,845: 12x14
576;447;24;10;#1175 @ 576,447: 24x10
319;314;20;21;#1176 @ 319,314: 20x21
10;705;11;15;#1177 @ 10,705: 11x15
430;933;27;11;#1178 @ 430,933: 27x11
795;447;18;26;#1179 @ 795,447: 18x26
924;782;27;24;#1180 @ 924,782: 27x24
695;609;18;13;#1181 @ 695,609: 18x13
600;180;28;28;#1182 @ 600,180: 28x28
929;475;25;23;#1183 @ 929,475: 25x23
363;776;13;26;#1184 @ 363,776: 13x26
888;206;17;14;#1185 @ 888,206: 17x14
876;136;23;14;#1186 @ 876,136: 23x14
332;16;20;10;#1187 @ 332,16: 20x10
554;966;14;20;#1188 @ 554,966: 14x20
418;342;20;19;#1189 @ 418,342: 20x19
175;826;16;14;#1190 @ 175,826: 16x14
528;385;15;29;#1191 @ 528,385: 15x29
925;117;20;29;#1192 @ 925,117: 20x29
716;849;23;13;#1193 @ 716,849: 23x13
164;394;20;12;#1194 @ 164,394: 20x12
513;81;24;13;#1195 @ 513,81: 24x13
841;475;19;11;#1196 @ 841,475: 19x11
468;104;14;24;#1197 @ 468,104: 14x24
806;495;13;29;#1198 @ 806,495: 13x29
682;669;29;16;#1199 @ 682,669: 29x16
429;776;22;14;#1200 @ 429,776: 22x14
767;685;29;25;#1201 @ 767,685: 29x25
398;881;19;15;#1202 @ 398,881: 19x15
723;469;22;18;#1203 @ 723,469: 22x18
158;738;27;25;#1204 @ 158,738: 27x25
816;896;11;18;#1205 @ 816,896: 11x18
780;498;21;16;#1206 @ 780,498: 21x16
927;341;15;16;#1207 @ 927,341: 15x16
826;55;27;18;#1208 @ 826,55: 27x18
148;762;24;11;#1209 @ 148,762: 24x11
556;546;15;10;#1210 @ 556,546: 15x10
836;805;26;15;#1211 @ 836,805: 26x15
548;794;23;21;#1212 @ 548,794: 23x21
775;340;11;18;#1213 @ 775,340: 11x18
54;390;12;20;#1214 @ 54,390: 12x20
563;64;24;14;#1215 @ 563,64: 24x14
569;693;12;22;#1216 @ 569,693: 12x22
325;866;25;22;#1217 @ 325,866: 25x22
753;611;16;25;#1218 @ 753,611: 16x25
654;480;13;29;#1219 @ 654,480: 13x29
83;255;16;18;#1220 @ 83,255: 16x18
425;242;23;20;#1221 @ 425,242: 23x20
350;590;17;19;#1222 @ 350,590: 17x19
29;798;10;27;#1223 @ 29,798: 10x27
147;92;15;20;#1224 @ 147,92: 15x20
10;676;15;21;#1225 @ 10,676: 15x21
93;103;28;20;#1226 @ 93,103: 28x20
361;98;20;16;#1227 @ 361,98: 20x16
552;300;19;19;#1228 @ 552,300: 19x19
362;594;20;29;#1229 @ 362,594: 20x29
509;889;11;25;#1230 @ 509,889: 11x25
587;473;19;17;#1231 @ 587,473: 19x17
710;387;12;25;#1232 @ 710,387: 12x25
803;831;20;26;#1233 @ 803,831: 20x26
102;938;21;17;#1234 @ 102,938: 21x17
32;505;27;10;#1235 @ 32,505: 27x10
798;885;25;26;#1236 @ 798,885: 25x26
786;1;18;28;#1237 @ 786,1: 18x28
830;673;29;27;#1238 @ 830,673: 29x27
569;427;4;10;#1239 @ 569,427: 4x10
236;226;17;26;#1240 @ 236,226: 17x26
438;642;11;24;#1241 @ 438,642: 11x24
713;305;23;24;#1242 @ 713,305: 23x24
51;795;18;13;#1243 @ 51,795: 18x13
549;847;27;24;#1244 @ 549,847: 27x24
642;460;18;13;#1245 @ 642,460: 18x13
399;222;13;16;#1246 @ 399,222: 13x16
161;480;19;10;#1247 @ 161,480: 19x10
888;226;27;23;#1248 @ 888,226: 27x23
274;237;26;28;#1249 @ 274,237: 26x28
16;323;20;25;#1250 @ 16,323: 20x25
412;329;24;19;#1251 @ 412,329: 24x19
377;188;23;14;#1252 @ 377,188: 23x14
288;439;19;22;#1253 @ 288,439: 19x22
759;110;11;27;#1254 @ 759,110: 11x27
400;420;21;13;#1255 @ 400,420: 21x13
446;663;25;15;#1256 @ 446,663: 25x15
782;141;11;19;#1257 @ 782,141: 11x19
374;442;21;28;#1258 @ 374,442: 21x28
587;402;13;11;#1259 @ 587,402: 13x11
78;152;29;25;#1260 @ 78,152: 29x25
816;182;6;4;#1261 @ 816,182: 6x4
382;939;24;29;#1262 @ 382,939: 24x29
256;592;12;27;#1263 @ 256,592: 12x27
83;909;24;21;#1264 @ 83,909: 24x21
447;581;13;17;#1265 @ 447,581: 13x17
679;654;24;11;#1266 @ 679,654: 24x11
631;223;15;26;#1267 @ 631,223: 15x26
180;366;12;19;#1268 @ 180,366: 12x19
823;742;12;15;#1269 @ 823,742: 12x15
221;290;24;16;#1270 @ 221,290: 24x16
207;653;23;23;#1271 @ 207,653: 23x23
774;513;11;17;#1272 @ 774,513: 11x17
258;738;19;10;#1273 @ 258,738: 19x10
161;356;22;21;#1274 @ 161,356: 22x21
808;829;27;15;#1275 @ 808,829: 27x15
28;653;19;19;#1276 @ 28,653: 19x19
853;747;21;13;#1277 @ 853,747: 21x13
600;627;18;28;#1278 @ 600,627: 18x28
592;912;16;10;#1279 @ 592,912: 16x10
133;722;10;11;#1280 @ 133,722: 10x11
106;939;13;17;#1281 @ 106,939: 13x17
68;251;25;17;#1282 @ 68,251: 25x17
315;769;26;18;#1283 @ 315,769: 26x18
250;365;25;10;#1284 @ 250,365: 25x10
37;579;26;24;#1285 @ 37,579: 26x24
122;411;17;12;#1286 @ 122,411: 17x12
225;373;12;15;#1287 @ 225,373: 12x15
444;587;22;26;#1288 @ 444,587: 22x26
163;489;27;11;#1289 @ 163,489: 27x11
460;8;14;25;#1290 @ 460,8: 14x25
935;853;22;17;#1291 @ 935,853: 22x17
255;953;11;17;#1292 @ 255,953: 11x17
826;327;10;20;#1293 @ 826,327: 10x20
953;245;10;13;#1294 @ 953,245: 10x13
698;208;17;21;#1295 @ 698,208: 17x21
748;189;29;12;#1296 @ 748,189: 29x12
441;309;26;13;#1297 @ 441,309: 26x13
666;500;27;27;#1298 @ 666,500: 27x27
39;296;16;14;#1299 @ 39,296: 16x14
463;261;10;15;#1300 @ 463,261: 10x15
106;745;20;28;#1301 @ 106,745: 20x28
153;946;18;10;#1302 @ 153,946: 18x10
185;833;12;26;#1303 @ 185,833: 12x26
15;135;18;11;#1304 @ 15,135: 18x11
83;436;17;24;#1305 @ 83,436: 17x24
296;333;20;12;#1306 @ 296,333: 20x12
874;615;17;22;#1307 @ 874,615: 17x22
118;543;25;14;#1308 @ 118,543: 25x14
607;531;14;25;#1309 @ 607,531: 14x25
694;399;14;20;#1310 @ 694,399: 14x20
61;247;18;7;#1311 @ 61,247: 18x7
363;947;29;18;#1312 @ 363,947: 29x18
837;451;13;17;#1313 @ 837,451: 13x17
293;470;26;25;#1314 @ 293,470: 26x25
27;436;16;15;#1315 @ 27,436: 16x15
724;398;11;22;#1316 @ 724,398: 11x22
192;867;16;11;#1317 @ 192,867: 16x11
958;58;20;22;#1318 @ 958,58: 20x22
621;512;14;12;#1319 @ 621,512: 14x12
39;498;16;13;#1320 @ 39,498: 16x13
859;793;11;16;#1321 @ 859,793: 11x16
863;529;29;29;#1322 @ 863,529: 29x29
180;869;23;14;#1323 @ 180,869: 23x14
593;134;21;27;#1324 @ 593,134: 21x27
833;448;17;22;#1325 @ 833,448: 17x22
83;812;23;26;#1326 @ 83,812: 23x26
938;630;25;20;#1327 @ 938,630: 25x20
877;513;13;25;#1328 @ 877,513: 13x25
301;317;29;12;#1329 @ 301,317: 29x12
931;951;24;27;#1330 @ 931,951: 24x27
519;689;24;18;#1331 @ 519,689: 24x18
165;449;21;20;#1332 @ 165,449: 21x20
855;362;27;10;#1333 @ 855,362: 27x10
647;348;10;27;#1334 @ 647,348: 10x27
31;139;17;24;#1335 @ 31,139: 17x24
219;960;26;15;#1336 @ 219,960: 26x15
358;597;15;22;#1337 @ 358,597: 15x22
277;504;21;27;#1338 @ 277,504: 21x27
610;782;28;10;#1339 @ 610,782: 28x10
548;940;18;10;#1340 @ 548,940: 18x10
38;669;18;17;#1341 @ 3,669: 18x17
832;502;22;24;#1342 @ 832,502: 22x24
374;368;25;18;#1343 @ 374,368: 25x18
381;97;14;24;#1344 @ 381,97: 14x24
641;183;29;24;#1345 @ 641,183: 29x24
974;913;25;15;#1346 @ 974,913: 25x15
756;136;26;24;#1347 @ 756,136: 26x24
390;965;27;15;#1348 @ 390,965: 27x15
747;716;17;16;#1349 @ 747,716: 17x16
363;222;13;25;#1350 @ 363,222: 13x25
596;74;17;19;#1351 @ 596,74: 17x19
178;384;27;27;#1352 @ 178,384: 27x27
956;241;26;20;#1353 @ 956,241: 26x20
846;48;16;15;#1354 @ 846,48: 16x15
746;88;29;14;#1355 @ 746,88: 29x14
402;878;21;11;#1356 @ 402,878: 21x11
319;9;28;23;#1357 @ 319,9: 28x23
467;748;21;17;#1358 @ 467,748: 21x17
532;942;12;14;#1359 @ 532,942: 12x14
581;613;19;14;#1360 @ 581,613: 19x14
341;658;22;29;#1361 @ 341,658: 22x29
483;657;10;13;#1362 @ 483,657: 10x13
183;18;18;13;#1363 @ 183,18: 18x13
208;425;12;27;#1364 @ 208,425: 12x27
242;587;25;18;#1365 @ 242,587: 25x18
853;843;15;17;#1366 @ 853,843: 15x17
423;675;6;3;#1367 @ 423,675: 6x3
889;642;16;23;#1368 @ 889,642: 16x23
327;101;13;19;#1369 @ 327,101: 13x19
983;436;14;20;#1370 @ 983,436: 14x20
515;738;16;18;#1371 @ 515,738: 16x18
825;940;24;24;#1372 @ 825,940: 24x24
340;637;20;19;#1373 @ 340,637: 20x19
432;604;21;24;#1374 @ 432,604: 21x24
952;953;21;25;#1375 @ 952,953: 21x25
92;714;23;20;#1376 @ 92,714: 23x20
330;713;16;11;#1377 @ 330,713: 16x11
62;49;13;23;#1378 @ 62,49: 13x23
426;770;23;26;#1379 @ 426,770: 23x26
920;908;14;18;#1380 @ 920,908: 14x18
229;393;18;11;#1381 @ 229,393: 18x11
762;237;24;29;#1382 @ 762,237: 24x29
186;911;22;25;#1383 @ 186,911: 22x25
942;297;26;18;#1384 @ 942,297: 26x18
499;622;18;15;#1385 @ 499,622: 18x15
787;183;13;25;#1386 @ 787,183: 13x25
691;669;21;16;#1387 @ 691,669: 21x16
409;150;28;23;#1388 @ 409,150: 28x23
750;475;15;25;#1389 @ 750,475: 15x25
859;426;19;22;#1390 @ 859,426: 19x22
119;742;22;13;#1391 @ 119,742: 22x13
233;31;16;15;#1392 @ 233,31: 16x15
282;168;22;21;#1393 @ 282,168: 22x21
303;431;17;20;#1394 @ 303,431: 17x20
640;734;14;19;#1395 @ 640,734: 14x19
686;598;10;28;#1396 @ 686,598: 10x28
587;737;19;17;#1397 @ 587,737: 19x17
952;261;13;10;#1398 @ 952,261: 13x10
954;32;23;19;#1399 @ 954,32: 23x19
632;767;10;21;#1400 @ 632,767: 10x21
10;783;21;20;#1401 @ 1,783: 21x20
68;407;19;14;#1402 @ 68,407: 19x14
765;597;26;15;#1403 @ 765,597: 26x15
741;266;19;17;#1404 @ 741,266: 19x17
391;428;11;10;#1405 @ 391,428: 11x10
607;907;13;16;#1406 @ 607,907: 13x16
195;160;22;22;#1407 @ 195,160: 22x22
469;952;9;13;#1408 @ 469,952: 9x13
280;194;13;20;#1409 @ 280,194: 13x20
870;757;18;13;#1410 @ 870,757: 18x13
120;917;19;14;#1411 @ 120,917: 19x14
The answer is: 118800
